Student,Algorithm,Stage,Required_Question,Follow_up_1,Follow_up_2,Follow_up_3
UserActivityLog.csv,Bubble Sort,Understanding,Teach Bubble Sort back to the NPC in your own words. Ask the NPC to evaluate your explanation.,click guarantees that the largest element ends up at the correct position after each pass,—,—
UserActivityLog.csv,Bubble Sort,Analyzing,Explain to the NPC: What is the core operation? What determines when elements are swapped? When does the algorithm stop? Ask the NPC if your decomposition is correct.,—,—,—
UserActivityLog.csv,Bubble Sort,Analyzing,Ask the NPC about Bubble Sort's time complexity. Explain why you believe it has that time complexity. Ask the NPC if your reasoning is correct.,—,—,—
UserActivityLog.csv,Bubble Sort,Implementation,Ask the NPC to provide an unsorted array. Predict what the array will look like after two complete passes of Bubble Sort. Explain your reasoning step-by-step. Ask the NPC if your prediction is correct.,it's already sorted what exactly happens internally during the first pass,am I reasoning based on the memorization or actual understanding,—
UserActivityLog.csv,Bubble Sort,Reflection,Ask the NPC for feedback on your learning approach and the most helpful question you asked and why.,my explanation like precision,—,—
UserActivityLog.csv,Selection Sort,Exploration,(Initial exploration before required questions),the selections are performed only 1 swap per pass,I was finding the minimum fundamentally different from the bubble sorts Behavior,selection sort remain often Square even in the best case
UserActivityLog.csv,Selection Sort,Analyzing,"Explain: Core operation, Decision point, Termination condition. Ask the NPC if your breakdown is correct.",—,—,—
UserActivityLog.csv,Selection Sort,Implementation,Ask for an unsorted array. Predict the state of the array after two passes of the selected algorithm. Explain your reasoning step-by-step. Ask the NPC if your prediction is correct.,—,—,—
UserActivityLog.csv,Selection Sort,Implementation,Ask for a scenario requiring algorithm selection. Choose the better algorithm (Bubble Sort or the selected one). Justify your choice. Ask the NPC if your selection is correct.,did I clearly distinguish between swap frequency and comparison count,except between bubble and selection is still blending together in my mind,—
